timestamp,flow_rate_lpm,pressure_bar,velocity_ms,label,anomaly_score,predicted_leak,severity
2024-01-01 00:00:00,50.993,4.14,1.166,0,0.1613,0,NORMAL
2024-01-01 00:01:00,49.723,4.092,1.193,0,0.2059,0,NORMAL
2024-01-01 00:02:00,51.295,4.006,1.16,0,0.193,0,NORMAL
2024-01-01 00:03:00,53.046,3.935,1.185,0,0.1649,0,NORMAL
2024-01-01 00:04:00,49.532,4.07,1.105,0,0.1382,0,NORMAL
2024-01-01 00:05:00,49.532,4.039,1.211,0,0.2128,0,NORMAL
2024-01-01 00:06:00,53.158,4.09,1.2,0,0.1564,0,NORMAL
2024-01-01 00:07:00,51.535,4.064,1.159,0,0.1823,0,NORMAL
2024-01-01 00:08:00,49.061,4.105,1.233,0,0.1933,0,NORMAL
2024-01-01 00:09:00,51.085,3.946,1.247,0,0.1902,0,NORMAL
2024-01-01 00:10:00,49.073,4.132,1.12,0,0.1261,0,NORMAL
2024-01-01 00:11:00,49.069,4.02,1.162,0,0.2052,0,NORMAL
2024-01-01 00:12:00,50.484,4.208,1.162,0,0.1073,0,NORMAL
2024-01-01 00:13:00,46.173,3.931,1.153,0,0.1202,0,NORMAL
2024-01-01 00:14:00,46.55,4.174,1.241,0,0.0904,0,MEDIUM
2024-01-01 00:15:00,48.875,4.02,1.19,0,0.2112,0,NORMAL
2024-01-01 00:16:00,47.974,3.935,1.187,0,0.188,0,NORMAL
2024-01-01 00:17:00,50.628,3.952,1.1,0,0.1397,0,NORMAL
2024-01-01 00:18:00,48.184,3.968,1.232,0,0.1927,0,NORMAL
2024-01-01 00:19:00,47.175,4.042,1.138,0,0.1424,0,NORMAL
2024-01-01 00:20:00,52.931,4.052,1.203,0,0.1685,0,NORMAL
2024-01-01 00:21:00,49.548,3.943,1.214,0,0.2077,0,NORMAL
2024-01-01 00:22:00,50.135,3.998,1.268,0,0.1808,0,NORMAL
2024-01-01 00:23:00,47.151,4.214,1.135,0,0.0557,0,MEDIUM
2024-01-01 00:24:00,48.911,4.173,1.049,0,0.0176,0,MEDIUM
2024-01-01 00:25:00,50.222,4.044,1.209,0,0.2125,0,NORMAL
2024-01-01 00:26:00,47.698,4.004,1.29,0,0.1236,0,NORMAL
2024-01-01 00:27:00,50.751,4.012,1.262,0,0.1818,0,NORMAL
2024-01-01 00:28:00,48.799,4.061,1.21,0,0.2074,0,NORMAL
2024-01-01 00:29:00,49.417,3.898,1.175,0,0.1901,0,NORMAL
2024-01-01 00:30:00,48.797,3.974,1.24,0,0.1986,0,NORMAL
2024-01-01 00:31:00,53.705,3.833,1.151,0,0.0664,0,MEDIUM
2024-01-01 00:32:00,49.973,4.04,1.224,0,0.2141,0,NORMAL
2024-01-01 00:33:00,47.885,4.065,1.225,0,0.1903,0,NORMAL
2024-01-01 00:34:00,51.645,3.952,1.253,0,0.1834,0,NORMAL
2024-01-01 00:35:00,47.558,4.157,1.338,0,0.0084,0,MEDIUM
2024-01-01 00:36:00,50.418,3.877,1.22,0,0.1914,0,NORMAL
2024-01-01 00:37:00,46.081,3.854,1.175,0,0.0998,0,MEDIUM
2024-01-01 00:38:00,47.344,4.022,1.199,0,0.1841,0,NORMAL
2024-01-01 00:39:00,50.394,4.105,1.112,0,0.1332,0,NORMAL
2024-01-01 00:40:00,51.477,4.168,1.165,0,0.132,0,NORMAL
2024-01-01 00:41:00,50.343,3.954,1.18,0,0.2064,0,NORMAL
2024-01-01 00:42:00,49.769,4.108,1.174,0,0.1917,0,NORMAL
2024-01-01 00:43:00,49.398,3.996,1.208,0,0.2142,0,NORMAL
2024-01-01 00:44:00,47.043,3.983,1.159,0,0.164,0,NORMAL
2024-01-01 00:45:00,48.56,4.088,1.256,0,0.1584,0,NORMAL
2024-01-01 00:46:00,49.079,4.065,1.2,0,0.2085,0,NORMAL
2024-01-01 00:47:00,52.114,3.842,1.2,0,0.1447,0,NORMAL
2024-01-01 00:48:00,50.687,4.148,1.184,0,0.169,0,NORMAL
2024-01-01 00:49:00,46.474,4.138,1.208,0,0.1196,0,NORMAL
2024-01-01 00:50:00,50.648,3.937,1.241,0,0.2001,0,NORMAL
2024-01-01 00:51:00,49.23,4.04,1.157,0,0.1979,0,NORMAL
2024-01-01 00:52:00,48.646,4.049,1.167,0,0.1958,0,NORMAL
2024-01-01 00:53:00,51.223,4.026,1.185,0,0.2016,0,NORMAL
2024-01-01 00:54:00,52.062,3.945,1.133,0,0.1636,0,NORMAL
2024-01-01 00:55:00,51.863,3.933,1.159,0,0.1844,0,NORMAL
2024-01-01 00:56:00,48.322,3.997,1.176,0,0.199,0,NORMAL
2024-01-01 00:57:00,49.382,4.117,1.244,0,0.1742,0,NORMAL
2024-01-01 00:58:00,50.663,4.054,1.213,0,0.2076,0,NORMAL
2024-01-01 00:59:00,51.951,3.963,1.21,0,0.1919,0,NORMAL
2024-01-01 01:00:00,49.042,4.077,1.243,0,0.1885,0,NORMAL
2024-01-01 01:01:00,49.629,3.715,1.193,0,0.0803,0,MEDIUM
2024-01-01 01:02:00,47.787,4.115,1.22,0,0.172,0,NORMAL
2024-01-01 01:03:00,47.608,3.826,1.195,0,0.1271,0,NORMAL
2024-01-01 01:04:00,51.625,3.964,1.213,0,0.1999,0,NORMAL
2024-01-01 01:05:00,52.712,3.888,1.171,0,0.1549,0,NORMAL
2024-01-01 01:06:00,49.856,3.871,1.078,0,0.0722,0,MEDIUM
2024-01-01 01:07:00,52.007,4.116,1.193,0,0.17,0,NORMAL
2024-01-01 01:08:00,50.723,3.953,1.271,0,0.1789,0,NORMAL
2024-01-01 01:09:00,48.71,4.035,1.246,0,0.1905,0,NORMAL
2024-01-01 01:10:00,50.723,3.995,1.248,0,0.1953,0,NORMAL
2024-01-01 01:11:00,53.076,4.048,1.262,0,0.1294,0,NORMAL
2024-01-01 01:12:00,49.928,4.008,1.204,0,0.2157,0,NORMAL
2024-01-01 01:13:00,53.129,3.872,1.21,0,0.1417,0,NORMAL
2024-01-01 01:14:00,44.761,4.1,1.169,0,0.0804,0,MEDIUM
2024-01-01 01:15:00,51.644,3.951,1.184,0,0.2,0,NORMAL
2024-01-01 01:16:00,50.174,3.844,1.231,0,0.1696,0,NORMAL
2024-01-01 01:17:00,49.402,3.957,1.26,0,0.1819,0,NORMAL
2024-01-01 01:18:00,50.184,4.15,1.193,0,0.1794,0,NORMAL
2024-01-01 01:19:00,46.025,4.085,1.177,0,0.1221,0,NORMAL
2024-01-01 01:20:00,49.561,3.965,1.2,0,0.21,0,NORMAL
2024-01-01 01:21:00,50.714,3.965,1.23,0,0.2064,0,NORMAL
2024-01-01 01:22:00,52.956,3.968,1.128,0,0.1287,0,NORMAL
2024-01-01 01:23:00,48.963,4.208,1.085,0,0.0328,0,MEDIUM
2024-01-01 01:24:00,48.383,4.038,1.172,0,0.1926,0,NORMAL
2024-01-01 01:25:00,48.996,4.043,1.139,0,0.1787,0,NORMAL
2024-01-01 01:26:00,51.831,4.103,1.175,0,0.1803,0,NORMAL
2024-01-01 01:27:00,50.658,4.024,1.193,0,0.2123,0,NORMAL
2024-01-01 01:28:00,48.94,3.974,1.177,0,0.205,0,NORMAL
2024-01-01 01:29:00,51.027,3.98,1.273,0,0.1755,0,NORMAL
2024-01-01 01:30:00,50.194,3.993,1.216,0,0.2149,0,NORMAL
2024-01-01 01:31:00,51.937,3.996,1.215,0,0.1968,0,NORMAL
2024-01-01 01:32:00,48.596,4.073,1.231,0,0.1978,0,NORMAL
2024-01-01 01:33:00,49.345,4.005,1.143,0,0.1887,0,NORMAL
2024-01-01 01:34:00,49.216,4.073,1.252,0,0.1815,0,NORMAL
2024-01-01 01:35:00,47.073,3.992,1.196,0,0.1743,0,NORMAL
2024-01-01 01:36:00,50.592,4.008,1.234,0,0.21,0,NORMAL
2024-01-01 01:37:00,50.522,3.8,1.146,0,0.1254,0,NORMAL
2024-01-01 01:38:00,50.01,4.092,1.122,0,0.151,0,NORMAL
2024-01-01 01:39:00,49.531,4.035,1.241,0,0.2046,0,NORMAL
2024-01-01 01:40:00,47.169,4.1,1.219,0,0.1662,0,NORMAL
2024-01-01 01:41:00,49.159,3.71,1.155,0,0.0648,0,MEDIUM
2024-01-01 01:42:00,49.315,4.209,1.157,0,0.1026,0,NORMAL
2024-01-01 01:43:00,48.395,3.986,1.256,0,0.1782,0,NORMAL
2024-01-01 01:44:00,49.677,4.111,1.141,0,0.1583,0,NORMAL
2024-01-01 01:45:00,50.808,3.896,1.282,0,0.1421,0,NORMAL
2024-01-01 01:46:00,53.772,4.061,1.155,0,0.1167,0,NORMAL
2024-01-01 01:47:00,50.349,3.895,1.232,0,0.1905,0,NORMAL
2024-01-01 01:48:00,50.515,3.938,1.184,0,0.2076,0,NORMAL
2024-01-01 01:49:00,49.851,4.191,1.23,0,0.1415,0,NORMAL
2024-01-01 01:50:00,46.162,3.981,1.173,0,0.1344,0,NORMAL
2024-01-01 01:51:00,49.947,4.022,1.192,0,0.217,0,NORMAL
2024-01-01 01:52:00,50.12,4.087,1.202,0,0.2047,0,NORMAL
2024-01-01 01:53:00,54.926,4.05,1.15,0,0.0653,0,MEDIUM
2024-01-01 01:54:00,49.615,4.015,1.237,0,0.2138,0,NORMAL
2024-01-01 01:55:00,50.603,4.036,1.174,0,0.2057,0,NORMAL
2024-01-01 01:56:00,49.931,4.24,1.189,0,0.0989,0,MEDIUM
2024-01-01 01:57:00,47.663,3.994,1.15,0,0.179,0,NORMAL
2024-01-01 01:58:00,52.286,4.02,1.072,0,0.0608,0,MEDIUM
2024-01-01 01:59:00,51.504,4.105,1.19,0,0.185,0,NORMAL
2024-01-01 02:00:00,51.582,4.111,1.321,0,0.0571,0,MEDIUM
2024-01-01 02:01:00,48.181,4.119,1.239,0,0.1638,0,NORMAL
2024-01-01 02:02:00,52.806,4.064,1.199,0,0.1699,0,NORMAL
2024-01-01 02:03:00,47.196,3.886,1.187,0,0.1518,0,NORMAL
2024-01-01 02:04:00,51.174,4.163,1.201,0,0.1536,0,NORMAL
2024-01-01 02:05:00,54.381,3.885,1.227,0,0.0845,0,MEDIUM
2024-01-01 02:06:00,48.019,4.03,1.141,0,0.1629,0,NORMAL
2024-01-01 02:07:00,48.867,3.925,1.256,0,0.1691,0,NORMAL
2024-01-01 02:08:00,50.199,3.994,1.236,0,0.2118,0,NORMAL
2024-01-01 02:09:00,48.993,4.033,1.236,0,0.2065,0,NORMAL
2024-01-01 02:10:00,46.899,4.032,1.222,0,0.1717,0,NORMAL
2024-01-01 02:11:00,50.137,4.042,1.201,0,0.2124,0,NORMAL
2024-01-01 02:12:00,47.875,4.161,1.234,0,0.1426,0,NORMAL
2024-01-01 02:13:00,50.947,4.045,1.23,0,0.2022,0,NORMAL
2024-01-01 02:14:00,48.161,3.976,1.182,0,0.1935,0,NORMAL
2024-01-01 02:15:00,53.1,4.096,1.171,0,0.1464,0,NORMAL
2024-01-01 02:16:00,48.433,4.119,1.205,0,0.1805,0,NORMAL
2024-01-01 02:17:00,49.356,3.877,1.277,0,0.1414,0,NORMAL
2024-01-01 02:18:00,51.627,4.06,1.138,0,0.164,0,NORMAL
2024-01-01 02:19:00,47.538,4.07,1.127,0,0.132,0,NORMAL
2024-01-01 02:20:00,50.455,3.97,1.208,0,0.2118,0,NORMAL
2024-01-01 02:21:00,52.614,4.138,1.203,0,0.1411,0,NORMAL
2024-01-01 02:22:00,46.785,3.985,1.209,0,0.1612,0,NORMAL
2024-01-01 02:23:00,50.369,4.013,1.212,0,0.2148,0,NORMAL
2024-01-01 02:24:00,50.52,3.983,1.189,0,0.2148,0,NORMAL
2024-01-01 02:25:00,51.564,4.002,1.274,0,0.1643,0,NORMAL
2024-01-01 02:26:00,47.526,3.89,1.12,0,0.112,0,NORMAL
2024-01-01 02:27:00,47.359,3.856,1.159,0,0.129,0,NORMAL
2024-01-01 02:28:00,51.044,4.159,1.195,0,0.161,0,NORMAL
2024-01-01 02:29:00,50.594,3.915,1.118,0,0.156,0,NORMAL
2024-01-01 02:30:00,50.501,3.901,1.191,0,0.1974,0,NORMAL
2024-01-01 02:31:00,50.693,3.785,1.283,0,0.0809,0,MEDIUM
2024-01-01 02:32:00,48.64,3.936,1.201,0,0.2002,0,NORMAL
2024-01-01 02:33:00,50.465,3.868,1.212,0,0.1871,0,NORMAL
2024-01-01 02:34:00,50.586,4.164,1.137,0,0.1241,0,NORMAL
2024-01-01 02:35:00,48.571,4.101,1.169,0,0.1821,0,NORMAL
2024-01-01 02:36:00,53.732,3.931,1.181,0,0.1305,0,NORMAL
2024-01-01 02:37:00,50.948,4.225,1.184,0,0.1001,0,NORMAL
2024-01-01 02:38:00,47.617,4.098,1.264,0,0.1361,0,NORMAL
2024-01-01 02:39:00,51.313,3.968,1.228,0,0.2012,0,NORMAL
2024-01-01 02:40:00,48.051,3.75,1.144,0,0.082,0,MEDIUM
2024-01-01 02:41:00,51.574,4.229,1.212,0,0.0995,0,MEDIUM
2024-01-01 02:42:00,52.317,3.861,1.225,0,0.1515,0,NORMAL
2024-01-01 02:43:00,48.359,3.835,1.257,0,0.1229,0,NORMAL
2024-01-01 02:44:00,51.927,4.102,1.279,0,0.13,0,NORMAL
2024-01-01 02:45:00,50.826,4.244,1.149,0,0.0717,0,MEDIUM
2024-01-01 02:46:00,51.644,4.138,1.159,0,0.1521,0,NORMAL
2024-01-01 02:47:00,53.794,4.056,1.137,0,0.1015,0,NORMAL
2024-01-01 02:48:00,49.509,4.059,1.188,0,0.207,0,NORMAL
2024-01-01 02:49:00,48.493,4.085,1.223,0,0.1935,0,NORMAL
2024-01-01 02:50:00,48.221,4.076,1.249,0,0.1709,0,NORMAL
2024-01-01 02:51:00,48.368,4.028,1.196,0,0.2041,0,NORMAL
2024-01-01 02:52:00,49.846,4.01,1.184,0,0.2126,0,NORMAL
2024-01-01 02:53:00,50.682,3.994,1.208,0,0.213,0,NORMAL
2024-01-01 02:54:00,50.553,3.925,1.158,0,0.19,0,NORMAL
2024-01-01 02:55:00,51.654,3.972,1.304,0,0.1217,0,NORMAL
2024-01-01 02:56:00,50.026,3.831,1.12,0,0.1133,0,NORMAL
2024-01-01 02:57:00,52.907,3.99,1.209,0,0.1731,0,NORMAL
2024-01-01 02:58:00,49.471,3.901,1.301,0,0.1089,0,NORMAL
2024-01-01 02:59:00,55.44,3.89,1.2,0,0.0527,0,MEDIUM
2024-01-01 03:00:00,51.251,4.018,1.19,0,0.2084,0,NORMAL
2024-01-01 03:01:00,48.286,4.139,1.182,0,0.1616,0,NORMAL
2024-01-01 03:02:00,47.858,4.092,1.191,0,0.1826,0,NORMAL
2024-01-01 03:03:00,50.965,3.843,1.269,0,0.1367,0,NORMAL
2024-01-01 03:04:00,49.553,3.901,1.089,0,0.102,0,NORMAL
2024-01-01 03:05:00,51.428,4.094,1.277,0,0.1422,0,NORMAL
2024-01-01 03:06:00,50.946,3.902,1.129,0,0.1581,0,NORMAL
2024-01-01 03:07:00,49.854,3.978,1.187,0,0.2131,0,NORMAL
2024-01-01 03:08:00,48.306,4.055,1.179,0,0.1927,0,NORMAL
2024-01-01 03:09:00,46.97,3.903,1.229,0,0.1479,0,NORMAL
2024-01-01 03:10:00,49.107,4.011,1.12,0,0.1611,0,NORMAL
2024-01-01 03:11:00,51.713,3.867,1.223,0,0.1697,0,NORMAL
2024-01-01 03:12:00,50.428,3.94,1.301,0,0.1308,0,NORMAL
2024-01-01 03:13:00,47.509,4.032,1.132,0,0.1487,0,NORMAL
2024-01-01 03:14:00,50.346,3.841,1.209,0,0.1688,0,NORMAL
2024-01-01 03:15:00,50.771,4.044,1.167,0,0.201,0,NORMAL
2024-01-01 03:16:00,48.232,3.998,1.221,0,0.2002,0,NORMAL
2024-01-01 03:17:00,50.307,4.055,1.201,0,0.2083,0,NORMAL
2024-01-01 03:18:00,50.116,4.022,1.168,0,0.2089,0,NORMAL
2024-01-01 03:19:00,47.714,4.136,1.224,0,0.1599,0,NORMAL
2024-01-01 03:20:00,32.528,2.824,1.038,1,-0.0852,1,CRITICAL
2024-01-01 03:21:00,32.934,2.769,0.939,1,-0.0511,1,CRITICAL
2024-01-01 03:22:00,33.979,2.824,0.984,1,-0.0672,1,CRITICAL
2024-01-01 03:23:00,33.92,2.866,0.883,1,-0.0789,1,CRITICAL
2024-01-01 03:24:00,29.057,2.816,0.9,1,-0.0662,1,CRITICAL
2024-01-01 03:25:00,29.937,2.816,0.972,1,-0.062,1,CRITICAL
2024-01-01 03:26:00,32.843,2.741,1.022,1,-0.0829,1,CRITICAL
2024-01-01 03:27:00,32.84,2.745,0.966,1,-0.0614,1,CRITICAL
2024-01-01 03:28:00,32.843,2.671,0.932,1,-0.0714,1,CRITICAL
2024-01-01 03:29:00,39.518,2.986,0.948,1,-0.0698,1,CRITICAL
2024-01-01 03:30:00,32.954,2.687,0.886,1,-0.0909,1,CRITICAL
2024-01-01 03:31:00,34.084,2.742,0.978,1,-0.0781,1,CRITICAL
2024-01-01 03:32:00,33.721,2.74,0.992,1,-0.0746,1,CRITICAL
2024-01-01 03:33:00,33.115,2.901,0.925,1,-0.042,1,HIGH
2024-01-01 03:34:00,31.182,2.782,0.925,1,-0.0457,1,HIGH
2024-01-01 03:35:00,33.331,2.936,0.961,1,-0.0408,1,HIGH
2024-01-01 03:36:00,30.267,2.744,0.926,1,-0.0529,1,CRITICAL
2024-01-01 03:37:00,31.339,2.839,0.945,1,-0.039,1,HIGH
2024-01-01 03:38:00,30.842,2.728,1.053,1,-0.1062,1,CRITICAL
2024-01-01 03:39:00,31.976,3.026,0.936,1,-0.0219,1,HIGH
2024-01-01 03:40:00,36.442,2.693,0.93,1,-0.0932,1,CRITICAL
2024-01-01 03:41:00,28.078,2.842,0.916,1,-0.0696,1,CRITICAL
2024-01-01 03:42:00,33.185,2.875,0.985,1,-0.0572,1,CRITICAL
2024-01-01 03:43:00,28.587,2.853,0.939,1,-0.0642,1,CRITICAL
2024-01-01 03:44:00,30.869,2.793,0.916,1,-0.0476,1,HIGH
2024-01-01 03:45:00,33.99,2.799,1.014,1,-0.0813,1,CRITICAL
2024-01-01 03:46:00,31.941,2.816,1.019,1,-0.0757,1,CRITICAL
2024-01-01 03:47:00,29.657,2.797,0.918,1,-0.0515,1,CRITICAL
2024-01-01 03:48:00,30.382,2.908,0.855,1,-0.0778,1,CRITICAL
2024-01-01 03:49:00,33.172,3.033,0.998,1,-0.0422,1,HIGH
2024-01-01 03:50:00,48.539,3.944,1.166,0,0.1906,0,NORMAL
2024-01-01 03:51:00,50.433,3.863,1.24,0,0.1722,0,NORMAL
2024-01-01 03:52:00,50.091,3.991,1.101,0,0.1416,0,NORMAL
2024-01-01 03:53:00,48.697,4.258,1.245,0,0.0635,0,MEDIUM
2024-01-01 03:54:00,54.288,3.92,1.139,0,0.0815,0,MEDIUM
2024-01-01 03:55:00,51.268,4.164,1.237,0,0.1464,0,NORMAL
2024-01-01 03:56:00,45.95,4.168,1.201,0,0.0817,0,MEDIUM
2024-01-01 03:57:00,50.373,3.945,1.152,0,0.1982,0,NORMAL
2024-01-01 03:58:00,48.676,4.057,1.18,0,0.1958,0,NORMAL
2024-01-01 03:59:00,51.705,4.163,1.234,0,0.1446,0,NORMAL
2024-01-01 04:00:00,48.415,3.962,1.205,0,0.2015,0,NORMAL
2024-01-01 04:01:00,49.771,3.98,1.229,0,0.2101,0,NORMAL
2024-01-01 04:02:00,51.01,3.942,1.299,0,0.1386,0,NORMAL
2024-01-01 04:03:00,51.732,3.899,1.122,0,0.1435,0,NORMAL
2024-01-01 04:04:00,47.599,3.935,1.281,0,0.1318,0,NORMAL
2024-01-01 04:05:00,49.331,3.878,1.205,0,0.1897,0,NORMAL
2024-01-01 04:06:00,49.05,4.003,1.155,0,0.2013,0,NORMAL
2024-01-01 04:07:00,48.693,3.923,1.133,0,0.1593,0,NORMAL
2024-01-01 04:08:00,53.531,4.023,1.191,0,0.1502,0,NORMAL
2024-01-01 04:09:00,50.81,3.844,1.246,0,0.1518,0,NORMAL
2024-01-01 04:10:00,47.478,4.033,1.194,0,0.1887,0,NORMAL
2024-01-01 04:11:00,51.836,4.083,1.276,0,0.1448,0,NORMAL
2024-01-01 04:12:00,54.244,3.801,1.127,0,0.011,0,MEDIUM
2024-01-01 04:13:00,52.065,4.037,1.199,0,0.1908,0,NORMAL
2024-01-01 04:14:00,46.961,4.123,1.137,0,0.1085,0,NORMAL
2024-01-01 04:15:00,49.032,3.879,1.218,0,0.1866,0,NORMAL
2024-01-01 04:16:00,52.534,4.167,1.244,0,0.1065,0,NORMAL
2024-01-01 04:17:00,48.585,4.042,1.179,0,0.1982,0,NORMAL
2024-01-01 04:18:00,50.888,3.929,1.07,0,0.0754,0,MEDIUM
2024-01-01 04:19:00,51.549,3.994,1.21,0,0.2048,0,NORMAL
2024-01-01 04:20:00,48.146,4.056,1.222,0,0.1939,0,NORMAL
2024-01-01 04:21:00,49.881,4.008,1.22,0,0.215,0,NORMAL
2024-01-01 04:22:00,43.517,4.054,1.262,0,0.0642,0,MEDIUM
2024-01-01 04:23:00,47.951,3.908,1.146,0,0.1552,0,NORMAL
2024-01-01 04:24:00,49.495,4.017,1.234,0,0.2133,0,NORMAL
2024-01-01 04:25:00,47.504,3.859,1.26,0,0.1154,0,NORMAL
2024-01-01 04:26:00,53.265,3.989,1.111,0,0.1045,0,NORMAL
2024-01-01 04:27:00,47.14,3.91,1.216,0,0.1577,0,NORMAL
2024-01-01 04:28:00,49.12,3.926,1.175,0,0.1938,0,NORMAL
2024-01-01 04:29:00,50.261,4.124,1.196,0,0.1886,0,NORMAL
2024-01-01 04:30:00,52.883,4.109,1.217,0,0.1483,0,NORMAL
2024-01-01 04:31:00,47.128,4.061,1.176,0,0.1675,0,NORMAL
2024-01-01 04:32:00,52.326,3.891,1.166,0,0.1701,0,NORMAL
2024-01-01 04:33:00,50.02,3.968,1.202,0,0.2136,0,NORMAL
2024-01-01 04:34:00,48.037,4.121,1.146,0,0.1423,0,NORMAL
2024-01-01 04:35:00,50.924,4.014,1.146,0,0.1929,0,NORMAL
2024-01-01 04:36:00,50.398,4.232,1.234,0,0.1111,0,NORMAL
2024-01-01 04:37:00,48.8,4.039,1.143,0,0.182,0,NORMAL
2024-01-01 04:38:00,50.14,4.019,1.233,0,0.2124,0,NORMAL
2024-01-01 04:39:00,49.229,3.969,1.223,0,0.2077,0,NORMAL
2024-01-01 04:40:00,50.227,4.013,1.114,0,0.1562,0,NORMAL
2024-01-01 04:41:00,51.324,3.985,1.166,0,0.2014,0,NORMAL
2024-01-01 04:42:00,53.172,4.071,1.26,0,0.1222,0,NORMAL
2024-01-01 04:43:00,47.524,4.096,1.151,0,0.1578,0,NORMAL
2024-01-01 04:44:00,54.266,3.921,1.177,0,0.1042,0,NORMAL
2024-01-01 04:45:00,46.096,3.867,1.223,0,0.1036,0,NORMAL
2024-01-01 04:46:00,49.696,3.816,1.239,0,0.142,0,NORMAL
2024-01-01 04:47:00,51.177,4.051,1.187,0,0.1971,0,NORMAL
2024-01-01 04:48:00,50.562,3.89,1.17,0,0.19,0,NORMAL
2024-01-01 04:49:00,48.755,3.785,1.271,0,0.0887,0,MEDIUM
2024-01-01 04:50:00,49.584,4.039,1.287,0,0.1525,0,NORMAL
2024-01-01 04:51:00,49.014,4.249,1.249,0,0.07,0,MEDIUM
2024-01-01 04:52:00,48.821,3.999,1.204,0,0.213,0,NORMAL
2024-01-01 04:53:00,51.699,4.084,1.16,0,0.1786,0,NORMAL
2024-01-01 04:54:00,50.714,4.008,1.158,0,0.2012,0,NORMAL
2024-01-01 04:55:00,48.614,3.99,1.226,0,0.2039,0,NORMAL
2024-01-01 04:56:00,51.799,4.092,1.221,0,0.1865,0,NORMAL
2024-01-01 04:57:00,50.615,3.971,1.27,0,0.1799,0,NORMAL
2024-01-01 04:58:00,51.626,4.027,1.233,0,0.1993,0,NORMAL
2024-01-01 04:59:00,51.259,4.032,1.125,0,0.1615,0,NORMAL
2024-01-01 05:00:00,48.342,3.933,1.253,0,0.176,0,NORMAL
2024-01-01 05:01:00,48.88,4.099,1.15,0,0.1779,0,NORMAL
2024-01-01 05:02:00,51.495,3.983,1.181,0,0.202,0,NORMAL
2024-01-01 05:03:00,51.221,3.924,1.213,0,0.194,0,NORMAL
2024-01-01 05:04:00,49.958,4.054,1.3,0,0.1318,0,NORMAL
2024-01-01 05:05:00,50.235,3.91,1.355,0,0.0431,0,MEDIUM
2024-01-01 05:06:00,52.555,4.003,1.23,0,0.1764,0,NORMAL
2024-01-01 05:07:00,48.817,3.999,1.191,0,0.2095,0,NORMAL
2024-01-01 05:08:00,51.094,4.109,1.227,0,0.1836,0,NORMAL
2024-01-01 05:09:00,49.596,4.047,1.244,0,0.2007,0,NORMAL
2024-01-01 05:10:00,49.565,3.997,1.184,0,0.213,0,NORMAL
2024-01-01 05:11:00,52.198,4.082,1.29,0,0.1139,0,NORMAL
2024-01-01 05:12:00,51.651,4.139,1.212,0,0.1688,0,NORMAL
2024-01-01 05:13:00,51.627,4.056,1.225,0,0.1981,0,NORMAL
2024-01-01 05:14:00,52.611,4.001,1.233,0,0.1722,0,NORMAL
2024-01-01 05:15:00,50.042,3.869,1.221,0,0.1875,0,NORMAL
2024-01-01 05:16:00,51.364,3.893,1.242,0,0.1745,0,NORMAL
2024-01-01 05:17:00,49.379,3.969,1.169,0,0.2027,0,NORMAL
2024-01-01 05:18:00,50.648,3.939,1.172,0,0.2043,0,NORMAL
2024-01-01 05:19:00,49.74,3.981,1.145,0,0.1929,0,NORMAL
2024-01-01 05:20:00,50.194,4.006,1.222,0,0.2144,0,NORMAL
2024-01-01 05:21:00,51.19,4.053,1.239,0,0.1944,0,NORMAL
2024-01-01 05:22:00,48.364,3.993,1.223,0,0.2047,0,NORMAL
2024-01-01 05:23:00,54.185,4.049,1.284,0,0.0675,0,MEDIUM
2024-01-01 05:24:00,47.988,4.006,1.2,0,0.1987,0,NORMAL
2024-01-01 05:25:00,47.572,3.802,1.233,0,0.1104,0,NORMAL
2024-01-01 05:26:00,52.316,3.906,1.145,0,0.1595,0,NORMAL
2024-01-01 05:27:00,51.583,3.986,1.181,0,0.2024,0,NORMAL
2024-01-01 05:28:00,51.248,3.879,1.235,0,0.1832,0,NORMAL
2024-01-01 05:29:00,51.257,4.06,1.242,0,0.1924,0,NORMAL
2024-01-01 05:30:00,49.976,4.153,1.185,0,0.1731,0,NORMAL
2024-01-01 05:31:00,48.205,4.122,1.196,0,0.1696,0,NORMAL
2024-01-01 05:32:00,50.152,3.979,1.124,0,0.172,0,NORMAL
2024-01-01 05:33:00,48.646,4.149,1.182,0,0.1646,0,NORMAL
2024-01-01 05:34:00,51.95,4.015,1.245,0,0.1808,0,NORMAL
2024-01-01 05:35:00,49.706,3.966,1.229,0,0.2066,0,NORMAL
2024-01-01 05:36:00,48.349,3.939,1.225,0,0.1982,0,NORMAL
2024-01-01 05:37:00,49.357,3.97,1.202,0,0.2109,0,NORMAL
2024-01-01 05:38:00,50.826,3.961,1.2,0,0.2074,0,NORMAL
2024-01-01 05:39:00,48.873,4.017,1.167,0,0.2065,0,NORMAL
2024-01-01 05:40:00,48.356,4.016,1.235,0,0.2029,0,NORMAL
2024-01-01 05:41:00,50.487,4.0,1.221,0,0.212,0,NORMAL
2024-01-01 05:42:00,50.49,4.044,1.225,0,0.2083,0,NORMAL
2024-01-01 05:43:00,48.986,4.119,1.174,0,0.1785,0,NORMAL
2024-01-01 05:44:00,49.058,4.095,1.092,0,0.1021,0,NORMAL
2024-01-01 05:45:00,50.464,3.852,1.255,0,0.1496,0,NORMAL
2024-01-01 05:46:00,47.104,3.745,1.176,0,0.082,0,MEDIUM
2024-01-01 05:47:00,47.185,4.093,1.157,0,0.1536,0,NORMAL
2024-01-01 05:48:00,48.563,3.863,1.235,0,0.1653,0,NORMAL
2024-01-01 05:49:00,49.573,3.978,1.18,0,0.2087,0,NORMAL
2024-01-01 05:50:00,50.622,3.883,1.253,0,0.17,0,NORMAL
2024-01-01 05:51:00,52.951,3.82,1.231,0,0.0954,0,MEDIUM
2024-01-01 05:52:00,51.715,4.054,1.234,0,0.1958,0,NORMAL
2024-01-01 05:53:00,49.68,4.076,1.132,0,0.1703,0,NORMAL
2024-01-01 05:54:00,49.962,3.942,1.261,0,0.1862,0,NORMAL
2024-01-01 05:55:00,47.995,3.741,1.213,0,0.087,0,MEDIUM
2024-01-01 05:56:00,49.963,3.945,1.182,0,0.2089,0,NORMAL
2024-01-01 05:57:00,49.423,4.039,1.207,0,0.2132,0,NORMAL
2024-01-01 05:58:00,50.645,3.852,1.111,0,0.1182,0,NORMAL
2024-01-01 05:59:00,48.346,4.018,1.22,0,0.2088,0,NORMAL
2024-01-01 06:00:00,51.039,3.998,1.149,0,0.1919,0,NORMAL
2024-01-01 06:01:00,53.065,4.058,1.132,0,0.1276,0,NORMAL
2024-01-01 06:02:00,49.782,4.012,1.124,0,0.1742,0,NORMAL
2024-01-01 06:03:00,50.803,3.903,1.256,0,0.1723,0,NORMAL
2024-01-01 06:04:00,51.38,4.12,1.169,0,0.1632,0,NORMAL
2024-01-01 06:05:00,49.198,3.984,1.277,0,0.1696,0,NORMAL
2024-01-01 06:06:00,50.448,3.997,1.173,0,0.2095,0,NORMAL
2024-01-01 06:07:00,50.025,3.907,1.115,0,0.1451,0,NORMAL
2024-01-01 06:08:00,50.195,3.956,1.144,0,0.189,0,NORMAL
2024-01-01 06:09:00,48.454,3.912,1.262,0,0.1553,0,NORMAL
2024-01-01 06:10:00,50.049,3.983,1.192,0,0.2171,0,NORMAL
2024-01-01 06:11:00,50.996,4.171,1.173,0,0.1386,0,NORMAL
2024-01-01 06:12:00,52.902,3.863,1.208,0,0.1401,0,NORMAL
2024-01-01 06:13:00,51.919,3.839,1.225,0,0.1447,0,NORMAL
2024-01-01 06:14:00,54.306,4.147,1.256,0,0.0495,0,MEDIUM
2024-01-01 06:15:00,48.465,3.979,1.272,0,0.168,0,NORMAL
2024-01-01 06:16:00,51.745,3.933,1.182,0,0.1936,0,NORMAL
2024-01-01 06:17:00,50.367,4.104,1.134,0,0.1614,0,NORMAL
2024-01-01 06:18:00,54.38,3.939,1.179,0,0.1021,0,NORMAL
2024-01-01 06:19:00,48.383,4.183,1.213,0,0.1428,0,NORMAL
2024-01-01 06:20:00,48.321,4.068,1.152,0,0.1772,0,NORMAL
2024-01-01 06:21:00,48.801,3.951,1.152,0,0.1906,0,NORMAL
2024-01-01 06:22:00,45.752,4.216,1.217,0,0.0479,0,MEDIUM
2024-01-01 06:23:00,48.948,3.939,1.198,0,0.2048,0,NORMAL
2024-01-01 06:24:00,48.482,4.074,1.202,0,0.1994,0,NORMAL
2024-01-01 06:25:00,50.301,4.03,1.162,0,0.2024,0,NORMAL
2024-01-01 06:26:00,50.684,4.13,1.188,0,0.1798,0,NORMAL
2024-01-01 06:27:00,53.752,4.156,1.154,0,0.0752,0,MEDIUM
2024-01-01 06:28:00,51.901,4.003,1.245,0,0.185,0,NORMAL
2024-01-01 06:29:00,48.846,3.925,1.252,0,0.1736,0,NORMAL
2024-01-01 06:30:00,48.203,4.046,1.108,0,0.1252,0,NORMAL
2024-01-01 06:31:00,50.984,3.932,1.154,0,0.1878,0,NORMAL
2024-01-01 06:32:00,47.36,4.201,1.125,0,0.0569,0,MEDIUM
2024-01-01 06:33:00,53.663,4.014,1.167,0,0.1357,0,NORMAL
2024-01-01 06:34:00,52.359,3.963,1.196,0,0.1837,0,NORMAL
2024-01-01 06:35:00,49.062,4.018,1.128,0,0.1685,0,NORMAL
2024-01-01 06:36:00,46.574,3.865,1.154,0,0.1125,0,NORMAL
2024-01-01 06:37:00,52.708,3.903,1.15,0,0.1481,0,NORMAL
2024-01-01 06:38:00,49.771,4.12,1.21,0,0.1929,0,NORMAL
2024-01-01 06:39:00,52.476,3.934,1.203,0,0.1788,0,NORMAL
2024-01-01 06:40:00,46.811,3.895,1.164,0,0.1336,0,NORMAL
2024-01-01 06:41:00,48.801,4.054,1.209,0,0.2072,0,NORMAL
2024-01-01 06:42:00,50.01,4.119,1.173,0,0.1828,0,NORMAL
2024-01-01 06:43:00,50.094,4.072,1.186,0,0.2061,0,NORMAL
2024-01-01 06:44:00,49.1,4.1,1.284,0,0.1364,0,NORMAL
2024-01-01 06:45:00,51.246,3.924,1.267,0,0.1643,0,NORMAL
2024-01-01 06:46:00,47.865,3.858,1.135,0,0.1178,0,NORMAL
2024-01-01 06:47:00,49.715,4.15,1.241,0,0.1712,0,NORMAL
2024-01-01 06:48:00,50.241,3.968,1.241,0,0.2015,0,NORMAL
2024-01-01 06:49:00,51.029,3.975,1.143,0,0.1844,0,NORMAL
2024-01-01 06:50:00,51.423,4.133,1.241,0,0.1634,0,NORMAL
2024-01-01 06:51:00,47.751,4.056,1.277,0,0.1416,0,NORMAL
2024-01-01 06:52:00,46.932,4.046,1.144,0,0.1436,0,NORMAL
2024-01-01 06:53:00,52.555,4.217,1.154,0,0.0628,0,MEDIUM
2024-01-01 06:54:00,50.665,3.936,1.251,0,0.1926,0,NORMAL
2024-01-01 06:55:00,48.503,4.093,1.214,0,0.1944,0,NORMAL
2024-01-01 06:56:00,53.102,4.006,1.228,0,0.162,0,NORMAL
2024-01-01 06:57:00,50.231,4.027,1.217,0,0.2157,0,NORMAL
2024-01-01 06:58:00,52.359,4.153,1.22,0,0.1428,0,NORMAL
2024-01-01 06:59:00,50.135,4.051,1.134,0,0.1786,0,NORMAL
2024-01-01 07:00:00,54.121,4.054,1.252,0,0.0905,0,MEDIUM
2024-01-01 07:01:00,53.511,4.107,1.258,0,0.0944,0,MEDIUM
2024-01-01 07:02:00,49.502,3.964,1.189,0,0.2077,0,NORMAL
2024-01-01 07:03:00,51.943,3.916,1.198,0,0.1853,0,NORMAL
2024-01-01 07:04:00,51.291,3.896,1.123,0,0.1504,0,NORMAL
2024-01-01 07:05:00,52.737,3.803,1.226,0,0.0844,0,MEDIUM
2024-01-01 07:06:00,48.07,4.206,1.229,0,0.1126,0,NORMAL
2024-01-01 07:07:00,51.372,3.89,1.197,0,0.1858,0,NORMAL
2024-01-01 07:08:00,52.117,3.978,1.256,0,0.1692,0,NORMAL
2024-01-01 07:09:00,46.483,3.972,1.183,0,0.1454,0,NORMAL
2024-01-01 07:10:00,47.633,4.031,1.228,0,0.1916,0,NORMAL
2024-01-01 07:11:00,45.922,4.082,1.149,0,0.1137,0,NORMAL
2024-01-01 07:12:00,49.461,4.086,1.199,0,0.2023,0,NORMAL
2024-01-01 07:13:00,51.435,3.942,1.191,0,0.2003,0,NORMAL
2024-01-01 07:14:00,53.005,3.983,1.211,0,0.1701,0,NORMAL
2024-01-01 07:15:00,50.148,4.028,1.182,0,0.2103,0,NORMAL
2024-01-01 07:16:00,53.257,3.975,1.193,0,0.1684,0,NORMAL
2024-01-01 07:17:00,47.24,4.161,1.241,0,0.1203,0,NORMAL
2024-01-01 07:18:00,46.593,4.049,1.178,0,0.1468,0,NORMAL
2024-01-01 07:19:00,49.889,4.073,1.12,0,0.1587,0,NORMAL
2024-01-01 07:20:00,50.768,4.066,1.287,0,0.1475,0,NORMAL
2024-01-01 07:21:00,49.935,4.117,1.269,0,0.1434,0,NORMAL
2024-01-01 07:22:00,45.865,4.018,1.135,0,0.1058,0,NORMAL
2024-01-01 07:23:00,49.822,3.87,1.234,0,0.1819,0,NORMAL
2024-01-01 07:24:00,47.391,4.04,1.175,0,0.179,0,NORMAL
2024-01-01 07:25:00,51.339,3.935,1.213,0,0.1993,0,NORMAL
2024-01-01 07:26:00,50.733,3.947,1.215,0,0.2056,0,NORMAL
2024-01-01 07:27:00,48.12,4.059,1.188,0,0.1916,0,NORMAL
2024-01-01 07:28:00,48.972,4.124,1.161,0,0.1717,0,NORMAL
2024-01-01 07:29:00,47.882,4.002,1.165,0,0.1868,0,NORMAL
2024-01-01 07:30:00,49.875,4.031,1.154,0,0.1974,0,NORMAL
2024-01-01 07:31:00,51.91,4.17,1.158,0,0.1163,0,NORMAL
2024-01-01 07:32:00,48.029,4.024,1.197,0,0.2015,0,NORMAL
2024-01-01 07:33:00,51.008,4.26,1.164,0,0.0666,0,MEDIUM
2024-01-01 07:34:00,48.939,4.057,1.234,0,0.2024,0,NORMAL
2024-01-01 07:35:00,48.414,3.824,1.274,0,0.1054,0,NORMAL
2024-01-01 07:36:00,49.786,4.075,1.171,0,0.2,0,NORMAL
2024-01-01 07:37:00,47.93,4.038,1.212,0,0.1945,0,NORMAL
2024-01-01 07:38:00,48.893,4.129,1.225,0,0.1832,0,NORMAL
2024-01-01 07:39:00,47.604,4.067,1.224,0,0.1868,0,NORMAL
2024-01-01 07:40:00,53.929,3.986,1.204,0,0.1348,0,NORMAL
2024-01-01 07:41:00,50.071,3.878,1.237,0,0.1854,0,NORMAL
2024-01-01 07:42:00,48.601,3.979,1.224,0,0.2061,0,NORMAL
2024-01-01 07:43:00,50.428,3.915,1.138,0,0.173,0,NORMAL
2024-01-01 07:44:00,49.775,3.942,1.243,0,0.1959,0,NORMAL
2024-01-01 07:45:00,49.558,4.059,1.244,0,0.198,0,NORMAL
2024-01-01 07:46:00,51.228,4.167,1.162,0,0.1311,0,NORMAL
2024-01-01 07:47:00,51.515,4.039,1.202,0,0.2025,0,NORMAL
2024-01-01 07:48:00,48.939,3.88,1.234,0,0.1803,0,NORMAL
2024-01-01 07:49:00,48.848,4.044,1.19,0,0.2056,0,NORMAL
2024-01-01 07:50:00,49.45,4.12,1.254,0,0.1535,0,NORMAL
2024-01-01 07:51:00,45.396,3.939,1.318,0,0.008,0,MEDIUM
2024-01-01 07:52:00,46.97,3.987,1.161,0,0.1623,0,NORMAL
2024-01-01 07:53:00,52.734,4.001,1.131,0,0.1427,0,NORMAL
2024-01-01 07:54:00,53.29,3.922,1.215,0,0.1498,0,NORMAL
2024-01-01 07:55:00,49.502,4.065,1.236,0,0.2063,0,NORMAL
2024-01-01 07:56:00,51.153,3.988,1.188,0,0.2072,0,NORMAL
2024-01-01 07:57:00,50.623,4.042,1.273,0,0.1733,0,NORMAL
2024-01-01 07:58:00,56.158,3.911,1.133,0,0.0273,0,MEDIUM
2024-01-01 07:59:00,52.239,3.956,1.235,0,0.1822,0,NORMAL
2024-01-01 08:00:00,49.744,4.072,1.17,0,0.2011,0,NORMAL
2024-01-01 08:01:00,48.089,3.963,1.286,0,0.1355,0,NORMAL
2024-01-01 08:02:00,46.787,4.173,1.3,0,0.0225,0,MEDIUM
2024-01-01 08:03:00,50.407,3.96,1.162,0,0.2042,0,NORMAL
2024-01-01 08:04:00,48.487,4.022,1.173,0,0.2015,0,NORMAL
2024-01-01 08:05:00,47.155,4.093,1.243,0,0.1524,0,NORMAL
2024-01-01 08:06:00,48.707,3.858,1.181,0,0.161,0,NORMAL
2024-01-01 08:07:00,47.837,3.824,1.198,0,0.1289,0,NORMAL
2024-01-01 08:08:00,53.374,3.847,1.201,0,0.1099,0,NORMAL
2024-01-01 08:09:00,51.763,4.126,1.104,0,0.0946,0,MEDIUM
2024-01-01 08:10:00,49.984,3.945,1.199,0,0.2116,0,NORMAL
2024-01-01 08:11:00,52.96,4.256,1.166,0,0.0388,0,MEDIUM
2024-01-01 08:12:00,50.155,3.944,1.175,0,0.2079,0,NORMAL
2024-01-01 08:13:00,48.277,4.018,1.272,0,0.1626,0,NORMAL
2024-01-01 08:14:00,53.046,4.154,1.137,0,0.089,0,MEDIUM
2024-01-01 08:15:00,51.078,4.201,1.241,0,0.1155,0,NORMAL
2024-01-01 08:16:00,47.926,4.206,1.186,0,0.1077,0,NORMAL
2024-01-01 08:17:00,49.619,4.121,1.186,0,0.1846,0,NORMAL
2024-01-01 08:18:00,48.249,4.102,1.24,0,0.1727,0,NORMAL
2024-01-01 08:19:00,47.234,4.059,1.217,0,0.1752,0,NORMAL
2024-01-01 08:20:00,32.155,3.276,0.959,1,-0.0219,1,HIGH
2024-01-01 08:21:00,34.122,3.143,0.979,1,-0.0398,1,HIGH
2024-01-01 08:22:00,27.506,3.116,0.914,1,-0.0454,1,HIGH
2024-01-01 08:23:00,31.429,3.198,0.9,1,-0.0244,1,HIGH
2024-01-01 08:24:00,29.001,3.181,0.876,1,-0.0322,1,HIGH
2024-01-01 08:25:00,29.329,3.153,0.889,1,-0.0247,1,HIGH
2024-01-01 08:26:00,29.118,3.268,1.078,1,-0.0771,1,CRITICAL
2024-01-01 08:27:00,28.575,3.294,0.993,1,-0.0463,1,HIGH
2024-01-01 08:28:00,30.4,3.207,0.863,1,-0.043,1,HIGH
2024-01-01 08:29:00,28.641,3.346,0.864,1,-0.0582,1,CRITICAL
2024-01-01 08:30:00,30.844,3.084,0.955,1,-0.0034,1,HIGH
2024-01-01 08:31:00,30.202,3.179,0.958,1,0.0004,0,MEDIUM
2024-01-01 08:32:00,29.825,3.126,0.958,1,-0.0064,1,HIGH
2024-01-01 08:33:00,28.488,3.011,0.918,1,-0.0434,1,HIGH
2024-01-01 08:34:00,29.149,3.19,0.924,1,-0.0046,1,HIGH
2024-01-01 08:35:00,31.814,3.186,0.947,1,-0.0073,1,HIGH
2024-01-01 08:36:00,31.305,3.349,0.935,1,-0.0286,1,HIGH
2024-01-01 08:37:00,28.348,3.261,0.82,1,-0.0872,1,CRITICAL
2024-01-01 08:38:00,30.501,3.096,0.919,1,-0.0098,1,HIGH
2024-01-01 08:39:00,31.806,3.384,0.888,1,-0.0424,1,HIGH
2024-01-01 08:40:00,26.964,3.32,0.939,1,-0.0604,1,CRITICAL
2024-01-01 08:41:00,31.389,3.256,1.08,1,-0.0686,1,CRITICAL
2024-01-01 08:42:00,28.978,3.175,0.949,1,-0.0096,1,HIGH
2024-01-01 08:43:00,31.444,3.102,0.915,1,-0.017,1,HIGH
2024-01-01 08:44:00,28.776,3.161,0.977,1,-0.0259,1,HIGH
2024-01-01 08:45:00,26.693,3.307,0.955,1,-0.0571,1,CRITICAL
2024-01-01 08:46:00,27.048,3.387,0.952,1,-0.0688,1,CRITICAL
2024-01-01 08:47:00,30.399,3.352,0.961,1,-0.0255,1,HIGH
2024-01-01 08:48:00,30.822,3.149,1.033,1,-0.043,1,HIGH
2024-01-01 08:49:00,28.494,3.086,0.874,1,-0.055,1,CRITICAL
2024-01-01 08:50:00,31.58,3.212,0.954,1,-0.0084,1,HIGH
2024-01-01 08:51:00,26.98,3.021,0.884,1,-0.0848,1,CRITICAL
2024-01-01 08:52:00,30.171,3.23,0.958,1,-0.0099,1,HIGH
2024-01-01 08:53:00,27.881,3.183,0.885,1,-0.0509,1,CRITICAL
2024-01-01 08:54:00,28.999,3.152,0.91,1,-0.0135,1,HIGH
2024-01-01 08:55:00,30.398,3.039,0.916,1,-0.0197,1,HIGH
2024-01-01 08:56:00,28.582,3.249,0.979,1,-0.0392,1,HIGH
2024-01-01 08:57:00,29.534,3.145,0.976,1,-0.0156,1,HIGH
2024-01-01 08:58:00,32.315,3.081,0.868,1,-0.0466,1,HIGH
2024-01-01 08:59:00,29.149,2.911,0.933,1,-0.0416,1,HIGH
2024-01-01 09:00:00,51.671,3.997,1.165,0,0.1952,0,NORMAL
2024-01-01 09:01:00,47.741,4.177,1.137,0,0.1001,0,NORMAL
2024-01-01 09:02:00,51.06,4.166,1.189,0,0.1471,0,NORMAL
2024-01-01 09:03:00,52.883,3.954,1.185,0,0.1726,0,NORMAL
2024-01-01 09:04:00,45.057,3.94,1.321,0,0.0036,0,MEDIUM
2024-01-01 09:05:00,48.406,4.047,1.222,0,0.2007,0,NORMAL
2024-01-01 09:06:00,51.154,3.9,1.131,0,0.1572,0,NORMAL
2024-01-01 09:07:00,49.594,4.03,1.172,0,0.2062,0,NORMAL
2024-01-01 09:08:00,50.742,4.077,1.251,0,0.1834,0,NORMAL
2024-01-01 09:09:00,48.792,4.123,1.304,0,0.0886,0,MEDIUM
2024-01-01 09:10:00,50.173,3.99,1.121,0,0.1652,0,NORMAL
2024-01-01 09:11:00,49.689,3.98,1.106,0,0.1473,0,NORMAL
2024-01-01 09:12:00,52.336,3.912,1.294,0,0.1028,0,NORMAL
2024-01-01 09:13:00,50.509,3.917,1.219,0,0.1983,0,NORMAL
2024-01-01 09:14:00,50.675,3.977,1.157,0,0.2011,0,NORMAL
2024-01-01 09:15:00,49.176,4.037,1.227,0,0.2099,0,NORMAL
2024-01-01 09:16:00,49.025,4.091,1.068,0,0.0691,0,MEDIUM
2024-01-01 09:17:00,49.135,3.92,1.2,0,0.1952,0,NORMAL
2024-01-01 09:18:00,50.789,4.149,1.216,0,0.1733,0,NORMAL
2024-01-01 09:19:00,49.158,3.973,1.246,0,0.1928,0,NORMAL
2024-01-01 09:20:00,50.58,3.998,1.149,0,0.1985,0,NORMAL
2024-01-01 09:21:00,54.151,3.925,1.204,0,0.1073,0,NORMAL
2024-01-01 09:22:00,51.742,3.758,1.154,0,0.0867,0,MEDIUM
2024-01-01 09:23:00,49.348,4.088,1.213,0,0.2016,0,NORMAL
2024-01-01 09:24:00,52.402,4.074,1.155,0,0.1618,0,NORMAL
2024-01-01 09:25:00,49.184,3.972,1.18,0,0.2062,0,NORMAL
2024-01-01 09:26:00,45.924,4.007,1.15,0,0.1204,0,NORMAL
2024-01-01 09:27:00,47.984,4.052,1.233,0,0.1902,0,NORMAL
2024-01-01 09:28:00,46.258,3.844,1.243,0,0.0853,0,MEDIUM
2024-01-01 09:29:00,49.297,3.947,1.188,0,0.2049,0,NORMAL
2024-01-01 09:30:00,50.037,4.079,1.202,0,0.2076,0,NORMAL
2024-01-01 09:31:00,53.353,3.875,1.128,0,0.1004,0,NORMAL
2024-01-01 09:32:00,50.654,4.029,1.185,0,0.2074,0,NORMAL
2024-01-01 09:33:00,49.562,3.864,1.197,0,0.1801,0,NORMAL
2024-01-01 09:34:00,51.659,4.047,1.331,0,0.0678,0,MEDIUM
2024-01-01 09:35:00,45.578,3.996,1.144,0,0.1133,0,NORMAL
2024-01-01 09:36:00,50.471,3.838,1.273,0,0.1311,0,NORMAL
2024-01-01 09:37:00,51.542,4.116,1.25,0,0.1537,0,NORMAL
2024-01-01 09:38:00,47.043,3.927,1.214,0,0.1563,0,NORMAL
2024-01-01 09:39:00,52.288,3.919,1.288,0,0.1127,0,NORMAL
2024-01-01 09:40:00,50.677,4.02,1.219,0,0.2126,0,NORMAL
2024-01-01 09:41:00,49.169,4.115,1.219,0,0.1895,0,NORMAL
2024-01-01 09:42:00,51.266,3.898,1.197,0,0.191,0,NORMAL
2024-01-01 09:43:00,54.541,4.006,1.261,0,0.0746,0,MEDIUM
2024-01-01 09:44:00,50.364,4.043,1.255,0,0.1838,0,NORMAL
2024-01-01 09:45:00,50.496,4.069,1.169,0,0.1996,0,NORMAL
2024-01-01 09:46:00,49.081,4.018,1.134,0,0.1812,0,NORMAL
2024-01-01 09:47:00,48.3,3.963,1.19,0,0.1989,0,NORMAL
2024-01-01 09:48:00,51.661,3.917,1.16,0,0.1805,0,NORMAL
2024-01-01 09:49:00,48.288,4.009,1.197,0,0.202,0,NORMAL
2024-01-01 09:50:00,50.143,3.893,1.262,0,0.1595,0,NORMAL
2024-01-01 09:51:00,49.045,3.708,1.177,0,0.0719,0,MEDIUM
2024-01-01 09:52:00,50.958,4.044,1.198,0,0.2033,0,NORMAL
2024-01-01 09:53:00,50.667,4.09,1.203,0,0.202,0,NORMAL
2024-01-01 09:54:00,52.075,3.764,1.242,0,0.0805,0,MEDIUM
2024-01-01 09:55:00,48.98,3.899,1.088,0,0.0986,0,MEDIUM
2024-01-01 09:56:00,49.46,4.062,1.17,0,0.2006,0,NORMAL
2024-01-01 09:57:00,48.042,4.206,1.211,0,0.1143,0,NORMAL
2024-01-01 09:58:00,49.111,4.002,1.26,0,0.1786,0,NORMAL
2024-01-01 09:59:00,50.755,3.927,1.175,0,0.198,0,NORMAL
2024-01-01 10:00:00,51.514,3.982,1.106,0,0.1371,0,NORMAL
2024-01-01 10:01:00,48.156,4.137,1.231,0,0.1633,0,NORMAL
2024-01-01 10:02:00,51.739,3.935,1.168,0,0.1942,0,NORMAL
2024-01-01 10:03:00,52.711,3.92,1.141,0,0.141,0,NORMAL
2024-01-01 10:04:00,50.827,3.952,1.169,0,0.2024,0,NORMAL
2024-01-01 10:05:00,53.754,3.905,1.191,0,0.1228,0,NORMAL
2024-01-01 10:06:00,48.452,4.012,1.17,0,0.1969,0,NORMAL
2024-01-01 10:07:00,47.511,4.162,1.09,0,0.0467,0,MEDIUM
2024-01-01 10:08:00,46.443,4.032,1.245,0,0.1378,0,NORMAL
2024-01-01 10:09:00,52.992,3.975,1.264,0,0.1372,0,NORMAL
2024-01-01 10:10:00,51.309,3.971,1.233,0,0.2008,0,NORMAL
2024-01-01 10:11:00,49.889,3.844,1.143,0,0.1443,0,NORMAL
2024-01-01 10:12:00,50.56,4.088,1.19,0,0.2024,0,NORMAL
2024-01-01 10:13:00,47.749,3.992,1.2,0,0.1923,0,NORMAL
2024-01-01 10:14:00,54.892,3.982,1.23,0,0.0869,0,MEDIUM
2024-01-01 10:15:00,50.258,4.319,1.233,0,0.0588,0,MEDIUM
2024-01-01 10:16:00,50.219,4.03,1.163,0,0.2039,0,NORMAL
2024-01-01 10:17:00,51.452,3.925,1.204,0,0.1928,0,NORMAL
2024-01-01 10:18:00,50.962,3.957,1.223,0,0.2052,0,NORMAL
2024-01-01 10:19:00,50.448,4.115,1.273,0,0.1425,0,NORMAL
2024-01-01 10:20:00,48.419,4.011,1.235,0,0.204,0,NORMAL
2024-01-01 10:21:00,50.943,3.856,1.239,0,0.1655,0,NORMAL
2024-01-01 10:22:00,53.764,4.092,1.204,0,0.1276,0,NORMAL
2024-01-01 10:23:00,52.691,3.933,1.271,0,0.13,0,NORMAL
2024-01-01 10:24:00,53.186,4.187,1.22,0,0.0814,0,MEDIUM
2024-01-01 10:25:00,48.978,4.108,1.157,0,0.178,0,NORMAL
2024-01-01 10:26:00,48.021,3.955,1.27,0,0.1575,0,NORMAL
2024-01-01 10:27:00,49.748,4.128,1.235,0,0.1855,0,NORMAL
2024-01-01 10:28:00,50.111,4.007,1.178,0,0.2117,0,NORMAL
2024-01-01 10:29:00,52.188,4.085,1.176,0,0.1788,0,NORMAL
2024-01-01 10:30:00,46.615,4.048,1.215,0,0.1511,0,NORMAL
2024-01-01 10:31:00,53.059,3.915,1.223,0,0.1555,0,NORMAL
2024-01-01 10:32:00,49.684,3.936,1.21,0,0.2052,0,NORMAL
2024-01-01 10:33:00,49.146,4.103,1.216,0,0.1972,0,NORMAL
2024-01-01 10:34:00,47.976,3.967,1.285,0,0.1394,0,NORMAL
2024-01-01 10:35:00,46.69,3.96,1.254,0,0.1345,0,NORMAL
2024-01-01 10:36:00,51.646,3.904,1.21,0,0.1869,0,NORMAL
2024-01-01 10:37:00,50.147,4.042,1.247,0,0.1975,0,NORMAL
2024-01-01 10:38:00,47.42,4.206,1.148,0,0.0815,0,MEDIUM
2024-01-01 10:39:00,47.41,3.893,1.22,0,0.1587,0,NORMAL
2024-01-01 10:40:00,49.328,4.002,1.29,0,0.1458,0,NORMAL
2024-01-01 10:41:00,53.338,4.141,1.189,0,0.1215,0,NORMAL
2024-01-01 10:42:00,49.481,3.992,1.158,0,0.2003,0,NORMAL
2024-01-01 10:43:00,46.994,4.045,1.167,0,0.1611,0,NORMAL
2024-01-01 10:44:00,49.509,3.894,1.146,0,0.1734,0,NORMAL
2024-01-01 10:45:00,49.455,4.043,1.161,0,0.1985,0,NORMAL
2024-01-01 10:46:00,44.606,3.981,1.181,0,0.0903,0,MEDIUM
2024-01-01 10:47:00,49.891,4.099,1.13,0,0.1604,0,NORMAL
2024-01-01 10:48:00,49.538,4.119,1.201,0,0.1904,0,NORMAL
2024-01-01 10:49:00,51.392,4.259,1.245,0,0.0666,0,MEDIUM
2024-01-01 10:50:00,53.698,4.058,1.155,0,0.1221,0,NORMAL
2024-01-01 10:51:00,52.253,4.033,1.276,0,0.1404,0,NORMAL
2024-01-01 10:52:00,49.462,4.019,1.226,0,0.2144,0,NORMAL
2024-01-01 10:53:00,47.787,3.965,1.252,0,0.169,0,NORMAL
2024-01-01 10:54:00,55.147,4.034,1.167,0,0.0738,0,MEDIUM
2024-01-01 10:55:00,50.118,3.97,1.243,0,0.1996,0,NORMAL
2024-01-01 10:56:00,50.028,4.017,1.145,0,0.1954,0,NORMAL
2024-01-01 10:57:00,49.952,4.132,1.245,0,0.1708,0,NORMAL
2024-01-01 10:58:00,50.396,3.899,1.209,0,0.1949,0,NORMAL
2024-01-01 10:59:00,49.711,4.114,1.228,0,0.1966,0,NORMAL
2024-01-01 11:00:00,48.853,4.132,1.141,0,0.1512,0,NORMAL
2024-01-01 11:01:00,48.906,3.988,1.155,0,0.1988,0,NORMAL
2024-01-01 11:02:00,49.934,3.788,1.23,0,0.1312,0,NORMAL
2024-01-01 11:03:00,48.913,3.939,1.153,0,0.1935,0,NORMAL
2024-01-01 11:04:00,48.574,4.13,1.223,0,0.1828,0,NORMAL
2024-01-01 11:05:00,50.213,3.998,1.132,0,0.1827,0,NORMAL
2024-01-01 11:06:00,49.49,3.9,1.242,0,0.1818,0,NORMAL
2024-01-01 11:07:00,53.008,3.95,1.138,0,0.1373,0,NORMAL
2024-01-01 11:08:00,44.698,4.084,1.228,0,0.0899,0,MEDIUM
2024-01-01 11:09:00,52.183,4.055,1.231,0,0.1858,0,NORMAL
2024-01-01 11:10:00,52.492,3.976,1.165,0,0.1819,0,NORMAL
2024-01-01 11:11:00,45.853,3.963,1.229,0,0.1269,0,NORMAL
2024-01-01 11:12:00,49.315,3.961,1.213,0,0.2072,0,NORMAL
2024-01-01 11:13:00,49.257,3.908,1.173,0,0.1917,0,NORMAL
2024-01-01 11:14:00,47.185,4.162,1.15,0,0.109,0,NORMAL
2024-01-01 11:15:00,48.444,3.968,1.102,0,0.1294,0,NORMAL
2024-01-01 11:16:00,47.779,4.122,1.217,0,0.1657,0,NORMAL
2024-01-01 11:17:00,53.505,4.152,1.122,0,0.0579,0,MEDIUM
2024-01-01 11:18:00,51.871,4.1,1.205,0,0.1848,0,NORMAL
2024-01-01 11:19:00,52.543,3.957,1.187,0,0.1821,0,NORMAL
2024-01-01 11:20:00,51.443,4.04,1.234,0,0.2009,0,NORMAL
2024-01-01 11:21:00,47.742,3.998,1.185,0,0.1901,0,NORMAL
2024-01-01 11:22:00,48.951,3.91,1.184,0,0.1906,0,NORMAL
2024-01-01 11:23:00,50.979,4.032,1.237,0,0.2056,0,NORMAL
2024-01-01 11:24:00,47.556,3.882,1.217,0,0.1636,0,NORMAL
2024-01-01 11:25:00,51.426,4.119,1.216,0,0.1744,0,NORMAL
2024-01-01 11:26:00,49.519,3.954,1.223,0,0.2069,0,NORMAL
2024-01-01 11:27:00,49.25,4.02,1.123,0,0.1646,0,NORMAL
2024-01-01 11:28:00,51.422,4.028,1.238,0,0.1974,0,NORMAL
2024-01-01 11:29:00,50.889,3.974,1.231,0,0.2091,0,NORMAL
2024-01-01 11:30:00,49.278,4.059,1.149,0,0.1888,0,NORMAL
2024-01-01 11:31:00,52.319,3.953,1.188,0,0.1852,0,NORMAL
2024-01-01 11:32:00,47.838,4.087,1.198,0,0.1827,0,NORMAL
2024-01-01 11:33:00,51.232,3.865,1.193,0,0.1795,0,NORMAL
2024-01-01 11:34:00,51.186,4.013,1.217,0,0.2041,0,NORMAL
2024-01-01 11:35:00,49.381,4.194,1.272,0,0.0816,0,MEDIUM
2024-01-01 11:36:00,50.652,3.9,1.254,0,0.1749,0,NORMAL
2024-01-01 11:37:00,47.498,3.932,1.134,0,0.1427,0,NORMAL
2024-01-01 11:38:00,51.848,4.051,1.231,0,0.1961,0,NORMAL
2024-01-01 11:39:00,49.63,4.018,1.266,0,0.1801,0,NORMAL
2024-01-01 11:40:00,48.955,4.035,1.219,0,0.2087,0,NORMAL
2024-01-01 11:41:00,52.098,4.049,1.255,0,0.1624,0,NORMAL
2024-01-01 11:42:00,48.591,4.063,1.301,0,0.1188,0,NORMAL
2024-01-01 11:43:00,47.183,4.111,1.251,0,0.1359,0,NORMAL
2024-01-01 11:44:00,46.887,4.041,1.212,0,0.1698,0,NORMAL
2024-01-01 11:45:00,51.212,3.976,1.252,0,0.1899,0,NORMAL
2024-01-01 11:46:00,47.439,4.067,1.207,0,0.1818,0,NORMAL
2024-01-01 11:47:00,53.51,4.19,1.201,0,0.0726,0,MEDIUM
2024-01-01 11:48:00,45.836,3.987,1.182,0,0.1261,0,NORMAL
2024-01-01 11:49:00,53.393,3.903,1.278,0,0.0959,0,MEDIUM
2024-01-01 11:50:00,50.422,4.111,1.159,0,0.1745,0,NORMAL
2024-01-01 11:51:00,49.807,3.988,1.277,0,0.1713,0,NORMAL
2024-01-01 11:52:00,48.91,3.783,1.225,0,0.1213,0,NORMAL
2024-01-01 11:53:00,50.798,4.085,1.13,0,0.1582,0,NORMAL
2024-01-01 11:54:00,49.925,3.946,1.218,0,0.2079,0,NORMAL
2024-01-01 11:55:00,52.207,3.991,1.095,0,0.1092,0,NORMAL
2024-01-01 11:56:00,50.228,4.033,1.231,0,0.2125,0,NORMAL
2024-01-01 11:57:00,50.301,4.019,1.244,0,0.2022,0,NORMAL
2024-01-01 11:58:00,49.273,4.071,1.17,0,0.1968,0,NORMAL
2024-01-01 11:59:00,49.886,3.956,1.206,0,0.2097,0,NORMAL
2024-01-01 12:00:00,50.616,4.051,1.298,0,0.1371,0,NORMAL
2024-01-01 12:01:00,46.58,3.974,1.175,0,0.1488,0,NORMAL
2024-01-01 12:02:00,47.304,4.074,1.147,0,0.1522,0,NORMAL
2024-01-01 12:03:00,51.487,4.062,1.274,0,0.1564,0,NORMAL
2024-01-01 12:04:00,50.342,3.906,1.298,0,0.1215,0,NORMAL
2024-01-01 12:05:00,49.632,4.109,1.2,0,0.1978,0,NORMAL
2024-01-01 12:06:00,50.037,3.946,1.251,0,0.1944,0,NORMAL
2024-01-01 12:07:00,50.695,4.081,1.267,0,0.1637,0,NORMAL
2024-01-01 12:08:00,48.92,4.037,1.163,0,0.2018,0,NORMAL
2024-01-01 12:09:00,48.443,4.184,1.176,0,0.1326,0,NORMAL
2024-01-01 12:10:00,50.392,3.978,1.262,0,0.1846,0,NORMAL
2024-01-01 12:11:00,48.043,3.965,1.284,0,0.1439,0,NORMAL
2024-01-01 12:12:00,50.817,3.998,1.228,0,0.2077,0,NORMAL
2024-01-01 12:13:00,46.595,3.97,1.156,0,0.1444,0,NORMAL
2024-01-01 12:14:00,52.058,4.08,1.299,0,0.1087,0,NORMAL
2024-01-01 12:15:00,50.945,3.838,1.173,0,0.162,0,NORMAL
2024-01-01 12:16:00,50.512,3.895,1.183,0,0.1946,0,NORMAL
2024-01-01 12:17:00,51.965,3.893,1.217,0,0.1743,0,NORMAL
2024-01-01 12:18:00,53.331,4.095,1.278,0,0.0944,0,MEDIUM
2024-01-01 12:19:00,52.029,4.171,1.243,0,0.1192,0,NORMAL
2024-01-01 12:20:00,46.318,3.99,1.221,0,0.1449,0,NORMAL
2024-01-01 12:21:00,47.441,3.983,1.223,0,0.1878,0,NORMAL
2024-01-01 12:22:00,48.75,4.007,1.202,0,0.2111,0,NORMAL
2024-01-01 12:23:00,50.052,4.116,1.228,0,0.1928,0,NORMAL
2024-01-01 12:24:00,51.035,3.907,1.074,0,0.0721,0,MEDIUM
2024-01-01 12:25:00,48.549,4.024,1.185,0,0.2022,0,NORMAL
2024-01-01 12:26:00,50.374,4.098,1.212,0,0.2027,0,NORMAL
2024-01-01 12:27:00,48.489,4.05,1.142,0,0.1718,0,NORMAL
2024-01-01 12:28:00,48.777,4.019,1.219,0,0.2128,0,NORMAL
2024-01-01 12:29:00,47.187,4.1,1.19,0,0.166,0,NORMAL
2024-01-01 12:30:00,48.154,3.73,1.288,0,0.0263,0,MEDIUM
2024-01-01 12:31:00,47.297,4.068,1.279,0,0.1241,0,NORMAL
2024-01-01 12:32:00,48.048,3.935,1.177,0,0.1851,0,NORMAL
2024-01-01 12:33:00,52.107,3.817,1.192,0,0.1223,0,NORMAL
2024-01-01 12:34:00,48.101,4.051,1.196,0,0.1926,0,NORMAL
2024-01-01 12:35:00,55.265,4.137,1.177,0,0.0515,0,MEDIUM
2024-01-01 12:36:00,50.987,3.986,1.21,0,0.2117,0,NORMAL
2024-01-01 12:37:00,50.37,4.095,1.162,0,0.1888,0,NORMAL
2024-01-01 12:38:00,48.283,4.161,1.143,0,0.1275,0,NORMAL
2024-01-01 12:39:00,51.401,4.131,1.231,0,0.174,0,NORMAL
2024-01-01 12:40:00,48.849,4.164,1.231,0,0.1546,0,NORMAL
2024-01-01 12:41:00,50.244,4.074,1.16,0,0.1947,0,NORMAL
2024-01-01 12:42:00,55.12,4.008,1.245,0,0.0654,0,MEDIUM
2024-01-01 12:43:00,49.808,3.84,1.168,0,0.1608,0,NORMAL
2024-01-01 12:44:00,52.299,3.975,1.213,0,0.1892,0,NORMAL
2024-01-01 12:45:00,48.594,3.916,1.241,0,0.1782,0,NORMAL
2024-01-01 12:46:00,49.93,4.217,1.198,0,0.1174,0,NORMAL
2024-01-01 12:47:00,53.542,3.982,1.223,0,0.1469,0,NORMAL
2024-01-01 12:48:00,48.746,4.012,1.174,0,0.2046,0,NORMAL
2024-01-01 12:49:00,53.625,4.055,1.19,0,0.1414,0,NORMAL
2024-01-01 12:50:00,51.416,4.004,1.19,0,0.2018,0,NORMAL
2024-01-01 12:51:00,48.875,4.17,1.163,0,0.1402,0,NORMAL
2024-01-01 12:52:00,51.265,3.938,1.191,0,0.2041,0,NORMAL
2024-01-01 12:53:00,51.945,4.019,1.123,0,0.1528,0,NORMAL
2024-01-01 12:54:00,51.244,3.926,1.175,0,0.195,0,NORMAL
2024-01-01 12:55:00,46.86,3.868,1.186,0,0.1312,0,NORMAL
2024-01-01 12:56:00,48.546,3.939,1.187,0,0.1973,0,NORMAL
2024-01-01 12:57:00,49.505,3.996,1.188,0,0.2123,0,NORMAL
2024-01-01 12:58:00,49.851,3.957,1.197,0,0.2088,0,NORMAL
2024-01-01 12:59:00,51.241,3.931,1.224,0,0.1947,0,NORMAL
2024-01-01 13:00:00,39.852,3.322,0.905,1,-0.0423,1,HIGH
2024-01-01 13:01:00,36.826,3.455,0.829,1,-0.0575,1,CRITICAL
2024-01-01 13:02:00,40.257,3.313,0.801,1,-0.0772,1,CRITICAL
2024-01-01 13:03:00,40.718,3.539,0.809,1,-0.0695,1,CRITICAL
2024-01-01 13:04:00,40.616,3.471,0.837,1,-0.0384,1,HIGH
2024-01-01 13:05:00,41.658,3.317,0.844,1,-0.0591,1,CRITICAL
2024-01-01 13:06:00,41.164,3.432,0.823,1,-0.0539,1,CRITICAL
2024-01-01 13:07:00,40.415,3.388,0.797,1,-0.0757,1,CRITICAL
2024-01-01 13:08:00,39.356,3.495,0.839,1,-0.0406,1,HIGH
2024-01-01 13:09:00,36.175,3.597,0.871,1,-0.0693,1,CRITICAL
2024-01-01 13:10:00,40.356,3.276,0.891,1,-0.0533,1,CRITICAL
2024-01-01 13:11:00,39.912,3.475,0.834,1,-0.0368,1,HIGH
2024-01-01 13:12:00,40.04,3.447,0.841,1,-0.0355,1,HIGH
2024-01-01 13:13:00,36.943,3.53,0.815,1,-0.0834,1,CRITICAL
2024-01-01 13:14:00,37.334,3.484,0.86,1,-0.0533,1,CRITICAL
2024-01-01 13:15:00,41.603,3.388,0.819,1,-0.0664,1,CRITICAL
2024-01-01 13:16:00,39.417,3.431,0.89,1,-0.0389,1,HIGH
2024-01-01 13:17:00,40.86,3.383,0.772,1,-0.092,1,CRITICAL
2024-01-01 13:18:00,39.553,3.571,0.844,1,-0.0459,1,HIGH
2024-01-01 13:19:00,39.556,3.465,0.877,1,-0.0363,1,HIGH
2024-01-01 13:20:00,41.373,3.653,0.871,1,-0.0561,1,CRITICAL
2024-01-01 13:21:00,38.464,3.457,0.996,1,-0.0474,1,HIGH
2024-01-01 13:22:00,39.689,3.392,0.879,1,-0.0383,1,HIGH
2024-01-01 13:23:00,38.572,3.312,0.811,1,-0.0666,1,CRITICAL
2024-01-01 13:24:00,38.628,3.283,0.857,1,-0.0453,1,HIGH
2024-01-01 13:25:00,38.878,3.305,0.773,1,-0.0965,1,CRITICAL
2024-01-01 13:26:00,39.941,3.49,0.858,1,-0.0375,1,HIGH
2024-01-01 13:27:00,38.539,3.514,0.82,1,-0.0618,1,CRITICAL
2024-01-01 13:28:00,42.008,3.305,0.907,1,-0.0577,1,CRITICAL
2024-01-01 13:29:00,37.707,3.553,0.834,1,-0.061,1,CRITICAL
2024-01-01 13:30:00,49.626,3.952,1.194,0,0.2079,0,NORMAL
2024-01-01 13:31:00,49.121,4.015,1.168,0,0.2089,0,NORMAL
2024-01-01 13:32:00,52.894,4.161,1.287,0,0.0596,0,MEDIUM
2024-01-01 13:33:00,50.393,4.09,1.184,0,0.2007,0,NORMAL
2024-01-01 13:34:00,52.064,3.973,1.292,0,0.1276,0,NORMAL
2024-01-01 13:35:00,47.029,3.911,1.241,0,0.1393,0,NORMAL
2024-01-01 13:36:00,50.534,3.785,1.224,0,0.1312,0,NORMAL
2024-01-01 13:37:00,51.779,3.928,1.218,0,0.1856,0,NORMAL
2024-01-01 13:38:00,50.165,3.979,1.22,0,0.2141,0,NORMAL
2024-01-01 13:39:00,52.131,3.901,1.104,0,0.116,0,NORMAL
2024-01-01 13:40:00,48.965,3.987,1.186,0,0.2078,0,NORMAL
2024-01-01 13:41:00,52.819,4.008,1.242,0,0.1627,0,NORMAL
2024-01-01 13:42:00,54.598,3.978,1.198,0,0.1006,0,NORMAL
2024-01-01 13:43:00,49.274,3.935,1.13,0,0.1694,0,NORMAL
2024-01-01 13:44:00,49.109,4.017,1.197,0,0.2156,0,NORMAL
2024-01-01 13:45:00,52.907,4.044,1.285,0,0.119,0,NORMAL
2024-01-01 13:46:00,53.159,3.891,1.262,0,0.1118,0,NORMAL
2024-01-01 13:47:00,48.954,4.141,1.197,0,0.177,0,NORMAL
2024-01-01 13:48:00,49.16,3.99,1.248,0,0.1903,0,NORMAL
2024-01-01 13:49:00,49.436,4.002,1.182,0,0.2087,0,NORMAL
2024-01-01 13:50:00,47.311,4.071,1.115,0,0.1089,0,NORMAL
2024-01-01 13:51:00,48.163,4.023,1.154,0,0.1819,0,NORMAL
2024-01-01 13:52:00,47.992,4.095,1.278,0,0.1302,0,NORMAL
2024-01-01 13:53:00,48.464,4.029,1.186,0,0.2021,0,NORMAL
2024-01-01 13:54:00,49.931,3.939,1.188,0,0.2088,0,NORMAL
2024-01-01 13:55:00,50.468,4.036,1.185,0,0.2078,0,NORMAL
2024-01-01 13:56:00,53.101,3.886,1.295,0,0.0805,0,MEDIUM
2024-01-01 13:57:00,48.003,4.011,1.281,0,0.1482,0,NORMAL
2024-01-01 13:58:00,51.969,3.997,1.311,0,0.0957,0,MEDIUM
2024-01-01 13:59:00,49.572,3.979,1.192,0,0.2152,0,NORMAL
2024-01-01 14:00:00,49.901,3.987,1.215,0,0.2146,0,NORMAL
2024-01-01 14:01:00,51.35,3.812,1.124,0,0.0968,0,MEDIUM
2024-01-01 14:02:00,47.755,3.945,1.274,0,0.1434,0,NORMAL
2024-01-01 14:03:00,50.765,4.009,1.142,0,0.1869,0,NORMAL
2024-01-01 14:04:00,50.333,4.016,1.211,0,0.2153,0,NORMAL
2024-01-01 14:05:00,50.985,3.897,1.145,0,0.1735,0,NORMAL
2024-01-01 14:06:00,50.578,4.127,1.171,0,0.1754,0,NORMAL
2024-01-01 14:07:00,54.911,3.913,1.158,0,0.06,0,MEDIUM
2024-01-01 14:08:00,48.725,4.097,1.17,0,0.1866,0,NORMAL
2024-01-01 14:09:00,48.938,4.043,1.173,0,0.204,0,NORMAL
2024-01-01 14:10:00,48.754,3.935,1.173,0,0.1972,0,NORMAL
2024-01-01 14:11:00,48.889,4.178,1.242,0,0.1359,0,NORMAL
2024-01-01 14:12:00,48.725,3.881,1.145,0,0.1621,0,NORMAL
2024-01-01 14:13:00,52.378,4.092,1.211,0,0.1728,0,NORMAL
2024-01-01 14:14:00,52.841,4.1,1.261,0,0.1207,0,NORMAL
2024-01-01 14:15:00,48.859,3.933,1.174,0,0.1947,0,NORMAL
2024-01-01 14:16:00,48.335,4.139,1.164,0,0.1573,0,NORMAL
2024-01-01 14:17:00,50.943,3.975,1.188,0,0.2103,0,NORMAL
2024-01-01 14:18:00,48.896,4.029,1.259,0,0.1793,0,NORMAL
2024-01-01 14:19:00,51.266,4.026,1.21,0,0.2064,0,NORMAL
2024-01-01 14:20:00,50.406,3.987,1.173,0,0.2102,0,NORMAL
2024-01-01 14:21:00,46.969,4.081,1.224,0,0.1667,0,NORMAL
2024-01-01 14:22:00,53.095,4.079,1.145,0,0.1367,0,NORMAL
2024-01-01 14:23:00,53.592,3.825,1.234,0,0.0752,0,MEDIUM
2024-01-01 14:24:00,48.774,4.13,1.22,0,0.1866,0,NORMAL
2024-01-01 14:25:00,49.225,3.834,1.185,0,0.1563,0,NORMAL
2024-01-01 14:26:00,50.572,4.103,1.158,0,0.1817,0,NORMAL
2024-01-01 14:27:00,50.669,4.113,1.156,0,0.1719,0,NORMAL
2024-01-01 14:28:00,51.317,3.891,1.227,0,0.1838,0,NORMAL
2024-01-01 14:29:00,54.02,3.959,1.261,0,0.092,0,MEDIUM
2024-01-01 14:30:00,49.646,3.889,1.168,0,0.1855,0,NORMAL
2024-01-01 14:31:00,48.403,3.979,1.223,0,0.204,0,NORMAL
2024-01-01 14:32:00,47.241,3.969,1.096,0,0.101,0,NORMAL
2024-01-01 14:33:00,48.538,4.078,1.171,0,0.1872,0,NORMAL
2024-01-01 14:34:00,49.934,4.131,1.198,0,0.1903,0,NORMAL
2024-01-01 14:35:00,53.589,4.14,1.155,0,0.0911,0,MEDIUM
2024-01-01 14:36:00,48.965,3.944,1.153,0,0.1933,0,NORMAL
2024-01-01 14:37:00,50.448,3.979,1.167,0,0.2059,0,NORMAL
2024-01-01 14:38:00,49.967,3.832,1.215,0,0.1635,0,NORMAL
2024-01-01 14:39:00,52.377,3.919,1.191,0,0.1762,0,NORMAL
2024-01-01 14:40:00,55.054,4.096,1.088,0,-0.0106,1,HIGH
2024-01-01 14:41:00,48.938,4.162,1.094,0,0.0739,0,MEDIUM
2024-01-01 14:42:00,49.021,3.877,1.17,0,0.1823,0,NORMAL
2024-01-01 14:43:00,52.088,3.941,1.223,0,0.1873,0,NORMAL
2024-01-01 14:44:00,51.364,3.997,1.063,0,0.0746,0,MEDIUM
2024-01-01 14:45:00,53.693,4.028,1.175,0,0.1357,0,NORMAL
2024-01-01 14:46:00,51.168,3.919,1.174,0,0.1917,0,NORMAL
2024-01-01 14:47:00,49.281,4.042,1.269,0,0.1708,0,NORMAL
2024-01-01 14:48:00,51.181,3.953,1.181,0,0.2015,0,NORMAL
2024-01-01 14:49:00,52.217,3.999,1.219,0,0.1909,0,NORMAL
2024-01-01 14:50:00,51.641,4.055,1.207,0,0.2,0,NORMAL
2024-01-01 14:51:00,51.015,4.001,1.093,0,0.1206,0,NORMAL
2024-01-01 14:52:00,52.133,3.956,1.238,0,0.1827,0,NORMAL
2024-01-01 14:53:00,52.339,3.989,1.211,0,0.187,0,NORMAL
2024-01-01 14:54:00,52.764,3.991,1.225,0,0.1713,0,NORMAL
2024-01-01 14:55:00,51.297,3.963,1.396,0,0.0261,0,MEDIUM
2024-01-01 14:56:00,49.666,3.974,1.096,0,0.1314,0,NORMAL
2024-01-01 14:57:00,50.293,4.16,1.286,0,0.1015,0,NORMAL
2024-01-01 14:58:00,52.413,4.056,1.186,0,0.1818,0,NORMAL
2024-01-01 14:59:00,48.366,3.97,1.214,0,0.203,0,NORMAL
2024-01-01 15:00:00,50.737,4.07,1.198,0,0.2044,0,NORMAL
2024-01-01 15:01:00,49.213,3.967,1.179,0,0.2039,0,NORMAL
2024-01-01 15:02:00,50.057,4.117,1.172,0,0.1818,0,NORMAL
2024-01-01 15:03:00,52.557,4.037,1.216,0,0.1754,0,NORMAL
2024-01-01 15:04:00,50.382,3.989,1.124,0,0.1732,0,NORMAL
2024-01-01 15:05:00,50.093,4.045,1.238,0,0.2061,0,NORMAL
2024-01-01 15:06:00,47.28,3.843,1.179,0,0.125,0,NORMAL
2024-01-01 15:07:00,51.493,3.887,1.143,0,0.1615,0,NORMAL
2024-01-01 15:08:00,51.291,3.881,1.177,0,0.1857,0,NORMAL
2024-01-01 15:09:00,54.327,4.014,1.263,0,0.081,0,MEDIUM
2024-01-01 15:10:00,49.384,4.173,1.173,0,0.1469,0,NORMAL
2024-01-01 15:11:00,50.438,4.223,1.218,0,0.1143,0,NORMAL
2024-01-01 15:12:00,50.499,4.064,1.163,0,0.1993,0,NORMAL
2024-01-01 15:13:00,53.155,4.05,1.238,0,0.1524,0,NORMAL
2024-01-01 15:14:00,49.809,3.82,1.234,0,0.1485,0,NORMAL
2024-01-01 15:15:00,50.558,3.946,1.292,0,0.1484,0,NORMAL
2024-01-01 15:16:00,51.216,3.921,1.191,0,0.1954,0,NORMAL
2024-01-01 15:17:00,50.373,3.938,1.233,0,0.2042,0,NORMAL
2024-01-01 15:18:00,49.107,3.983,1.205,0,0.2153,0,NORMAL
2024-01-01 15:19:00,50.388,3.953,1.265,0,0.1786,0,NORMAL
2024-01-01 15:20:00,52.147,3.802,1.164,0,0.1096,0,NORMAL
2024-01-01 15:21:00,47.947,4.075,1.237,0,0.181,0,NORMAL
2024-01-01 15:22:00,50.266,3.893,1.19,0,0.1953,0,NORMAL
2024-01-01 15:23:00,48.6,4.024,1.197,0,0.2082,0,NORMAL
2024-01-01 15:24:00,52.39,4.207,1.205,0,0.0954,0,MEDIUM
2024-01-01 15:25:00,46.954,3.908,1.213,0,0.1513,0,NORMAL
2024-01-01 15:26:00,48.882,3.747,1.194,0,0.1015,0,NORMAL
2024-01-01 15:27:00,50.754,3.971,1.211,0,0.2094,0,NORMAL
2024-01-01 15:28:00,53.131,4.11,1.279,0,0.0957,0,MEDIUM
2024-01-01 15:29:00,49.868,4.196,1.249,0,0.1162,0,NORMAL
2024-01-01 15:30:00,48.89,3.877,1.243,0,0.1674,0,NORMAL
2024-01-01 15:31:00,53.762,4.05,1.177,0,0.1287,0,NORMAL
2024-01-01 15:32:00,47.104,3.953,1.156,0,0.1649,0,NORMAL
2024-01-01 15:33:00,45.602,3.989,1.248,0,0.108,0,NORMAL
2024-01-01 15:34:00,50.88,4.264,1.244,0,0.076,0,MEDIUM
2024-01-01 15:35:00,48.996,3.85,1.274,0,0.1268,0,NORMAL
2024-01-01 15:36:00,47.958,4.025,1.17,0,0.1864,0,NORMAL
2024-01-01 15:37:00,51.417,4.047,1.189,0,0.1979,0,NORMAL
2024-01-01 15:38:00,50.488,4.109,1.118,0,0.1387,0,NORMAL
2024-01-01 15:39:00,48.872,4.01,1.18,0,0.2058,0,NORMAL
2024-01-01 15:40:00,47.439,4.031,1.25,0,0.171,0,NORMAL
2024-01-01 15:41:00,51.745,3.961,1.177,0,0.1968,0,NORMAL
2024-01-01 15:42:00,51.3,4.027,1.232,0,0.2033,0,NORMAL
2024-01-01 15:43:00,49.802,3.966,1.19,0,0.2099,0,NORMAL
2024-01-01 15:44:00,53.693,4.062,1.216,0,0.136,0,NORMAL
2024-01-01 15:45:00,47.86,3.963,1.143,0,0.1691,0,NORMAL
2024-01-01 15:46:00,46.949,4.038,1.204,0,0.1696,0,NORMAL
2024-01-01 15:47:00,48.616,3.997,1.05,0,0.0639,0,MEDIUM
2024-01-01 15:48:00,49.909,4.113,1.191,0,0.1946,0,NORMAL
2024-01-01 15:49:00,50.487,3.995,1.118,0,0.1669,0,NORMAL
2024-01-01 15:50:00,49.518,3.823,1.26,0,0.1266,0,NORMAL
2024-01-01 15:51:00,50.704,4.126,1.239,0,0.1789,0,NORMAL
2024-01-01 15:52:00,47.497,3.909,1.223,0,0.1668,0,NORMAL
2024-01-01 15:53:00,52.888,3.935,1.276,0,0.1291,0,NORMAL
2024-01-01 15:54:00,49.836,3.94,1.153,0,0.1948,0,NORMAL
2024-01-01 15:55:00,52.235,4.137,1.287,0,0.088,0,MEDIUM
2024-01-01 15:56:00,50.685,3.786,1.247,0,0.1168,0,NORMAL
2024-01-01 15:57:00,50.914,4.314,1.188,0,0.0516,0,MEDIUM
2024-01-01 15:58:00,51.14,4.106,1.257,0,0.1556,0,NORMAL
2024-01-01 15:59:00,50.895,4.022,1.145,0,0.1901,0,NORMAL
2024-01-01 16:00:00,51.285,3.995,1.159,0,0.1959,0,NORMAL
2024-01-01 16:01:00,52.658,4.029,1.17,0,0.17,0,NORMAL
2024-01-01 16:02:00,50.393,4.052,1.174,0,0.205,0,NORMAL
2024-01-01 16:03:00,51.418,4.065,1.147,0,0.1766,0,NORMAL
2024-01-01 16:04:00,49.821,4.056,1.261,0,0.1755,0,NORMAL
2024-01-01 16:05:00,52.88,4.009,1.187,0,0.1711,0,NORMAL
2024-01-01 16:06:00,48.647,3.98,1.218,0,0.2055,0,NORMAL
2024-01-01 16:07:00,53.602,3.985,1.171,0,0.1402,0,NORMAL
2024-01-01 16:08:00,49.92,3.981,1.109,0,0.1519,0,NORMAL
2024-01-01 16:09:00,47.138,4.113,1.214,0,0.159,0,NORMAL
2024-01-01 16:10:00,50.256,4.059,1.104,0,0.1381,0,NORMAL
2024-01-01 16:11:00,48.638,3.706,1.197,0,0.0709,0,MEDIUM
2024-01-01 16:12:00,51.681,4.066,1.132,0,0.1618,0,NORMAL
2024-01-01 16:13:00,48.695,4.019,1.299,0,0.1335,0,NORMAL
2024-01-01 16:14:00,49.108,3.998,1.246,0,0.1952,0,NORMAL
2024-01-01 16:15:00,46.221,3.961,1.205,0,0.1346,0,NORMAL
2024-01-01 16:16:00,49.095,4.112,1.263,0,0.1498,0,NORMAL
2024-01-01 16:17:00,45.152,4.095,1.158,0,0.0925,0,MEDIUM
2024-01-01 16:18:00,46.832,3.923,1.227,0,0.1461,0,NORMAL
2024-01-01 16:19:00,51.521,4.041,1.21,0,0.2025,0,NORMAL
2024-01-01 16:20:00,51.572,3.903,1.213,0,0.1888,0,NORMAL
2024-01-01 16:21:00,50.851,3.862,1.264,0,0.1453,0,NORMAL
2024-01-01 16:22:00,48.066,3.937,1.237,0,0.1838,0,NORMAL
2024-01-01 16:23:00,49.905,4.086,1.214,0,0.2046,0,NORMAL
2024-01-01 16:24:00,49.993,4.095,1.117,0,0.1439,0,NORMAL
2024-01-01 16:25:00,47.683,4.051,1.152,0,0.1719,0,NORMAL
2024-01-01 16:26:00,53.007,4.073,1.194,0,0.1627,0,NORMAL
2024-01-01 16:27:00,51.755,4.052,1.205,0,0.199,0,NORMAL
2024-01-01 16:28:00,49.558,3.936,1.143,0,0.1844,0,NORMAL
2024-01-01 16:29:00,50.054,4.043,1.321,0,0.0908,0,MEDIUM
2024-01-01 16:30:00,50.417,4.08,1.276,0,0.156,0,NORMAL
2024-01-01 16:31:00,45.917,4.075,1.23,0,0.1268,0,NORMAL
2024-01-01 16:32:00,49.506,4.119,1.204,0,0.1911,0,NORMAL
2024-01-01 16:33:00,48.636,4.071,1.189,0,0.1984,0,NORMAL
2024-01-01 16:34:00,47.997,4.035,1.152,0,0.1802,0,NORMAL
2024-01-01 16:35:00,49.438,4.107,1.204,0,0.1991,0,NORMAL
2024-01-01 16:36:00,53.595,3.997,1.213,0,0.1518,0,NORMAL
2024-01-01 16:37:00,51.282,3.912,1.138,0,0.1662,0,NORMAL
2024-01-01 16:38:00,48.858,3.984,1.217,0,0.2104,0,NORMAL
2024-01-01 16:39:00,51.145,3.926,1.192,0,0.1979,0,NORMAL
